{"cameraMode":{"drawMode":0,"name":"Shaded","section":"Shading Mode"},"sceneLighting":false,"audioPlay":false,"sceneViewState":{"m_AlwaysRefresh":false,"showFog":true,"showSkybox":false,"showFlares":true,"showImageEffects":true,"showParticleSystems":true,"showVisualEffectGraphs":true,"m_FxEnabled":true},"in2DMode":false,"pivot":{"x":0.6808750629425049,"y":2.436542510986328,"z":-0.7490024566650391},"rotation":{"x":-0.026917148381471635,"y":0.07669287174940109,"z":-0.002071196213364601,"w":-0.9966890811920166},"size":3.036120891571045,"orthographic":true}