{"cameraMode":{"drawMode":0,"name":"Shaded","section":"Shading Mode"},"sceneLighting":false,"audioPlay":false,"sceneViewState":{"m_AlwaysRefresh":false,"showFog":true,"showSkybox":false,"showFlares":true,"showImageEffects":true,"showParticleSystems":true,"showVisualEffectGraphs":true,"m_FxEnabled":true},"in2DMode":false,"pivot":{"x":-4.224077224731445,"y":2.397123336791992,"z":-0.1201162338256836},"rotation":{"x":0.07337477058172226,"y":-0.040084682404994968,"z":0.0029515596106648447,"w":0.9964972138404846},"size":4.321524143218994,"orthographic":false}