{"cameraMode":{"drawMode":0,"name":"Shaded","section":"Shading Mode"},"sceneLighting":false,"audioPlay":false,"sceneViewState":{"m_AlwaysRefresh":false,"showFog":true,"showSkybox":false,"showFlares":true,"showImageEffects":true,"showParticleSystems":true,"showVisualEffectGraphs":true,"m_FxEnabled":true},"in2DMode":false,"pivot":{"x":0.22874629497528077,"y":2.005000114440918,"z":-1.1388248205184937},"rotation":{"x":0.20894770324230195,"y":-0.18644943833351136,"z":0.04061834141612053,"w":0.959129273891449},"size":4.397371768951416,"orthographic":false}