{"cameraMode":{"drawMode":0,"name":"Shaded","section":"Shading Mode"},"sceneLighting":false,"audioPlay":false,"sceneViewState":{"m_AlwaysRefresh":false,"showFog":true,"showSkybox":false,"showFlares":true,"showImageEffects":true,"showParticleSystems":true,"showVisualEffectGraphs":true,"m_FxEnabled":true},"in2DMode":false,"pivot":{"x":2.201875925064087,"y":3.499392032623291,"z":2.1714372634887697},"rotation":{"x":0.16728711128234864,"y":-0.35045161843299868,"z":0.06377170979976654,"w":0.9193140268325806},"size":3.6273183822631838,"orthographic":false}